symbol,fiscal_year,fiscal_period,quarter_label,calendar_period,period_end,report_date,calendar_quarter,calendar_quarter_override,revenue_actual,gaap_ni,gaap_eps_diluted_as_reported,dil_shares_as_reported,ng_ni,ng_eps_as_reported,cumulative_split_factor,gaap_eps_diluted_current,dil_shares_current,ng_eps_current,revenue_consensus,ng_eps_consensus_as_reported,ng_eps_consensus_current,ni_consensus,num_analysts_revenue,num_analysts_eps,consensus_last_refreshed,consensus_source,rev_beat_miss_pct,rev_qoq_pct,rev_yoy_pct,gaap_ni_beat_miss_pct,gaap_ni_qoq_pct,gaap_ni_yoy_pct,gaap_eps_qoq_pct,gaap_eps_yoy_pct,ng_ni_qoq_pct,ng_ni_yoy_pct,ng_eps_beat_miss_pct,ng_eps_qoq_pct,ng_eps_yoy_pct,non_gaap_basis_override,basis_change_event,actuals_source_url,actuals_filing_date,is_restated,last_verified_at,last_verified_against,notes,created_at,updated_at
AAPL,2020,Q3,FQ3 2020,Apr-Jun 2020,2020-06-27,2020-07-30,Q2 2020,,59.685,11.253,0.65,17419.152,11.253,0.64,4,0.16250000000000000000,69676.608,0.16000000000000000000,46.82977,0.51,0.12750000000000000000,,,,2026-06-09 11:40:04.583771+08,FMP_earnings_company,,,,,,,,,,,,,,,,,2020-07-31,f,,,,2026-06-09 11:40:00.107912+08,2026-06-09 11:40:00.107912+08
AAPL,2020,Q4,FQ4 2020,Jul-Sep 2020,2020-09-26,2020-10-29,Q3 2020,,64.698,12.673,0.73,17256.521,12.673,0.73,1,0.73000000000000000000,17256.521,0.73000000000000000000,63.8024,0.69,0.69000000000000000000,,,,2026-06-09 11:40:04.583771+08,FMP_earnings_company,,,,,,,,,,,,,,,,,2020-10-30,f,,,,2026-06-09 11:40:00.107912+08,2026-06-09 11:40:00.107912+08
AAPL,2021,Q1,FQ1 2021,Oct-Dec 2020,2020-12-26,2021-01-27,Q4 2020,,111.439,28.755,1.68,17113.688,28.755,1.68,1,1.68000000000000000000,17113.688,1.68000000000000000000,90.09962,1.41,1.41000000000000000000,,,,2026-06-09 11:40:04.584472+08,FMP_earnings_company,,,,,,,,,,,,,,,,,2021-01-28,f,,,,2026-06-09 11:40:00.107912+08,2026-06-09 11:40:00.107912+08
AAPL,2021,Q2,FQ2 2021,Jan-Mar 2021,2021-03-27,2021-04-28,Q1 2021,,89.584,23.63,1.4,16929.157,23.63,1.4,1,1.40000000000000000000,16929.157,1.40000000000000000000,76.9207,1,1.00000000000000000000,,,,2026-06-09 11:40:04.584472+08,FMP_earnings_company,,,,,,,,,,,,,,,,,2021-04-29,f,,,,2026-06-09 11:40:00.107912+08,2026-06-09 11:40:00.107912+08
AAPL,2021,Q3,FQ3 2021,Apr-Jun 2021,2021-06-26,2021-07-27,Q2 2021,,81.434,21.744,1.3,16781.735,21.744,1.3,1,1.30000000000000000000,16781.735,1.30000000000000000000,84.5819,1,1.00000000000000000000,,,,2026-06-09 11:40:04.584472+08,FMP_earnings_company,,,,,,,,,,,,,,,,,2021-07-28,f,,,,2026-06-09 11:40:00.107912+08,2026-06-09 11:40:00.107912+08
AAPL,2021,Q4,FQ4 2021,Jul-Sep 2021,2021-09-25,2021-10-28,Q3 2021,,83.36,20.551,1.24,16635.097,20.551,1.24,1,1.24000000000000000000,16635.097,1.24000000000000000000,117.986,1.24,1.24000000000000000000,,,,2026-06-09 11:40:04.585025+08,FMP_earnings_company,,,,,,,,,,,,,,,,,2021-10-29,f,,,,2026-06-09 11:40:00.107912+08,2026-06-09 11:40:00.107912+08
AAPL,2022,Q1,FQ1 2022,Oct-Dec 2021,2021-12-25,2022-01-27,Q4 2021,,123.945,34.63,2.1,16519.291,34.63,2.1,1,2.1000000000000000,16519.291,2.1000000000000000,119.0025,1.89,1.89000000000000000000,,,,2026-06-09 11:40:04.585025+08,FMP_earnings_company,,,,,,,,,,,,,,,,,2022-01-28,f,,,,2026-06-09 11:40:00.107912+08,2026-06-09 11:40:00.107912+08
AAPL,2022,Q2,FQ2 2022,Jan-Mar 2022,2022-03-26,2022-04-28,Q1 2022,,97.278,25.01,1.52,16403.316,25.01,1.52,1,1.52000000000000000000,16403.316,1.52000000000000000000,94.0338,1.43,1.43000000000000000000,,,,2026-06-09 11:40:04.585025+08,FMP_earnings_company,,,,,,,,,,,,,,,,,2022-04-29,f,,,,2026-06-09 11:40:00.107912+08,2026-06-09 11:40:00.107912+08
AAPL,2022,Q3,FQ3 2022,Apr-Jun 2022,2022-06-25,2022-07-28,Q2 2022,,82.959,19.442,1.2,16262.203,19.442,1.2,1,1.20000000000000000000,16262.203,1.20000000000000000000,82.79124,1.14,1.14000000000000000000,,,,2026-06-09 11:40:04.585589+08,FMP_earnings_company,,,,,,,,,,,,,,,,,2022-07-29,f,,,,2026-06-09 11:40:00.107912+08,2026-06-09 11:40:00.107912+08
AAPL,2022,Q4,FQ4 2022,Jul-Sep 2022,2022-09-24,2022-10-27,Q3 2022,,90.146,20.721,1.29,16118.465,20.721,1.29,1,1.29000000000000000000,16118.465,1.29000000000000000000,88.73928,1.27,1.27000000000000000000,,,,2026-06-09 11:40:04.585589+08,FMP_earnings_company,,,,,,,,,,,,,,,,,2022-10-28,f,,,,2026-06-09 11:40:00.107912+08,2026-06-09 11:40:00.107912+08
AAPL,2023,Q1,FQ1 2023,Oct-Dec 2022,2022-12-31,2023-02-02,Q4 2022,,117.154,29.998,1.88,15955.718,29.998,1.88,1,1.88000000000000000000,15955.718,1.88000000000000000000,121.3333,1.93,1.93000000000000000000,,,,2026-06-09 11:40:04.585589+08,FMP_earnings_company,,,,,,,,,,,,,,,,,2023-02-03,f,,,,2026-06-09 11:40:00.107912+08,2026-06-09 11:40:00.107912+08
AAPL,2023,Q2,FQ2 2023,Feb-Apr 2023,2023-04-01,2023-05-04,Q1 2023,,94.836,24.16,1.52,15847.05,24.16,1.52,1,1.52000000000000000000,15847.05,1.52000000000000000000,92.90605,1.44,1.44000000000000000000,,,,2026-06-09 11:40:04.585589+08,FMP_earnings_company,,,,,,,,,,,,,,,,,2023-05-05,f,,,,2026-06-09 11:40:00.107912+08,2026-06-09 11:40:00.107912+08
AAPL,2023,Q3,FQ3 2023,May-Jul 2023,2023-07-01,2023-08-03,Q2 2023,,81.797,19.881,1.26,15775.021,19.881,1.26,1,1.26000000000000000000,15775.021,1.26000000000000000000,81.79492,1.19,1.19000000000000000000,,,,2026-06-09 11:40:04.586197+08,FMP_earnings_company,,,,,,,,,,,,,,,,,2023-08-04,f,,,,2026-06-09 11:40:00.107912+08,2026-06-09 11:40:00.107912+08
AAPL,2023,Q4,FQ4 2023,Jul-Sep 2023,2023-09-30,2023-11-02,Q3 2023,,89.498,22.956,1.46,15672.4,22.956,1.46,1,1.46000000000000000000,15672.4,1.46000000000000000000,89.3038,1.39,1.39000000000000000000,,,,2026-06-09 11:40:04.586197+08,FMP_earnings_company,,,,,,,,,,,,,,,,,2023-11-03,f,,,,2026-06-09 11:40:00.107912+08,2026-06-09 11:40:00.107912+08
AAPL,2024,Q1,FQ1 2024,Oct-Dec 2023,2023-12-30,2024-02-01,Q4 2023,,119.575,33.916,2.18,15576.641,33.916,2.18,1,2.1800000000000000,15576.641,2.1800000000000000,117.9866,2.1,2.1000000000000000,,,,2026-06-09 11:40:04.586197+08,FMP_earnings_company,,,,,,,,,,,,,,,,,2024-02-02,f,,,,2026-06-09 11:40:00.107912+08,2026-06-09 11:40:00.107912+08
AAPL,2024,Q2,FQ2 2024,Jan-Mar 2024,2024-03-30,2024-05-02,Q1 2024,,90.753,23.636,1.53,15464.709,23.636,1.53,1,1.53000000000000000000,15464.709,1.53000000000000000000,90.36611,1.51,1.51000000000000000000,,,,2026-06-09 11:40:04.586838+08,FMP_earnings_company,,,,,,,,,,,,,,,,,2024-05-03,f,,,,2026-06-09 11:40:00.107912+08,2026-06-09 11:40:00.107912+08
AAPL,2024,Q3,FQ3 2024,Apr-Jun 2024,2024-06-29,2024-08-01,Q2 2024,,85.777,21.448,1.4,15348.175,21.448,1.4,1,1.40000000000000000000,15348.175,1.40000000000000000000,84.48071,1.34,1.34000000000000000000,,,,2026-06-09 11:40:04.586838+08,FMP_earnings_company,,,,,,,,,,,,,,,,,2024-08-02,f,,,,2026-06-09 11:40:00.107912+08,2026-06-09 11:40:00.107912+08
AAPL,2024,Q4,FQ4 2024,Jul-Sep 2024,2024-09-28,2024-10-31,Q3 2024,,94.93,14.736,0.97,15242.853,14.736,1.64,1,0.97000000000000000000,15242.853,1.64000000000000000000,94.51195,1.6,1.60000000000000000000,,,,2026-06-09 11:40:04.586838+08,FMP_earnings_company,,,,,,,,,,,,,,,,,2024-11-01,f,,,,2026-06-09 11:40:00.107912+08,2026-06-09 11:40:00.107912+08
AAPL,2025,Q1,FQ1 2025,Oct-Dec 2024,2024-12-28,2025-01-30,Q4 2024,,124.3,36.33,2.4,15150.865,36.33,2.4,1,2.4000000000000000,15150.865,2.4000000000000000,124.2574,2.36,2.3600000000000000,,,,2026-06-09 11:40:04.587352+08,FMP_earnings_company,,,,,,,,,,,,,,,,,2025-01-31,f,,,,2026-06-09 11:40:00.107912+08,2026-06-09 11:40:00.107912+08
AAPL,2025,Q2,FQ2 2025,Jan-Mar 2025,2025-03-29,2025-05-01,Q1 2025,,95.359,24.78,1.65,15056.133,24.78,1.65,1,1.65000000000000000000,15056.133,1.65000000000000000000,94.54218,1.63,1.63000000000000000000,,,,2026-06-09 11:40:04.587352+08,FMP_earnings_company,,,,,,,,,,,,,,,,,2025-05-02,f,,,,2026-06-09 11:40:00.107912+08,2026-06-09 11:40:00.107912+08
AAPL,2025,Q3,FQ3 2025,Apr-Jun 2025,2025-06-28,2025-07-31,Q2 2025,,94.036,23.434,1.57,14948.179,23.434,1.57,1,1.57000000000000000000,14948.179,1.57000000000000000000,89.56274,1.44,1.44000000000000000000,,,,2026-06-09 11:40:04.587352+08,FMP_earnings_company,,,,,,,,,,,,,,,,,2025-08-01,f,,,,2026-06-09 11:40:00.107912+08,2026-06-09 11:40:00.107912+08
AAPL,2025,Q4,FQ4 2025,Jul-Sep 2025,2025-09-27,2025-10-30,Q3 2025,,102.466,27.466,1.85,15004.697,27.466,1.85,1,1.85000000000000000000,15004.697,1.85000000000000000000,102.2271,1.73,1.73000000000000000000,,,,2026-06-09 11:40:04.587352+08,FMP_earnings_company,,,,,,,,,,,,,,,,,2025-10-31,f,,,,2026-06-09 11:40:00.107912+08,2026-06-09 11:40:00.107912+08
AAPL,2026,Q1,FQ1 2026,Oct-Dec 2025,2025-12-27,2026-01-29,Q4 2025,,143.756,42.097,2.84,14810.356,42.097,2.85,1,2.8400000000000000,14810.356,2.8500000000000000,138.391,2.67,2.6700000000000000,,,,2026-06-09 11:40:04.587906+08,FMP_earnings_company,,,,,,,,,,,,,,,,,2026-01-30,f,,,,2026-06-09 11:40:00.107912+08,2026-06-09 11:40:00.107912+08
AAPL,2026,Q2,FQ2 2026,Jan-Mar 2026,2026-03-28,2026-04-30,Q1 2026,,111.184,29.578,2.01,14768.115,29.578,2.01,1,2.0100000000000000,14768.115,2.0100000000000000,109.4576,1.95,1.95000000000000000000,,,,2026-06-09 11:40:04.587906+08,FMP_earnings_company,,,,,,,,,,,,,,,,,2026-05-01,f,,,,2026-06-09 11:40:00.107912+08,2026-06-09 11:40:00.107912+08
AMZN,2020,Q2,Q2 2020,Apr-Jun 2020,2020-06-30,2020-07-30,Q2 2020,,88.912,5.243,0.52,10180,5.243,0.52,20,0.02600000000000000000,203600,0.02600000000000000000,12.603060194,0.07,0.00350000000000000000,,,,2026-06-09 11:40:18.021863+08,FMP_earnings_company,,,,,,,,,,,,,,,,,2020-07-31,f,,,,2026-06-09 11:40:00.107912+08,2026-06-09 11:40:00.107912+08
AMZN,2020,Q3,Q3 2020,Jul-Sep 2020,2020-09-30,2020-10-29,Q3 2020,,96.145,6.331,0.62,10240,6.331,0.62,20,0.03100000000000000000,204800,0.03100000000000000000,78.677360829,0.37,0.01850000000000000000,,,,2026-06-09 11:40:18.021863+08,FMP_earnings_company,,,,,,,,,,,,,,,,,2020-10-30,f,,,,2026-06-09 11:40:00.107912+08,2026-06-09 11:40:00.107912+08
AMZN,2020,Q4,Q4 2020,Oct-Dec 2020,2020-12-31,2021-02-02,Q4 2020,,125.555,7.222,0.7,10260,7.222,0.7,20,0.03500000000000000000,205200,0.03500000000000000000,120.761622016,0.36,0.01800000000000000000,,,,2026-06-09 11:40:18.021863+08,FMP_earnings_company,,,,,,,,,,,,,,,,,2021-02-03,f,,,,2026-06-09 11:40:00.107912+08,2026-06-09 11:40:00.107912+08
AMZN,2021,Q1,Q1 2021,Jan-Mar 2021,2021-03-31,2021-04-29,Q1 2021,,108.518,8.107,0.79,10260,8.107,0.79,20,0.03950000000000000000,205200,0.03950000000000000000,92.624208018,0.48,0.02400000000000000000,,,,2026-06-09 11:40:18.021863+08,FMP_earnings_company,,,,,,,,,,,,,,,,,2021-04-30,f,,,,2026-06-09 11:40:00.107912+08,2026-06-09 11:40:00.107912+08
AMZN,2021,Q2,Q2 2021,Apr-Jun 2021,2021-06-30,2021-07-29,Q2 2021,,113.08,7.778,0.76,10280,7.778,0.76,20,0.03800000000000000000,205600,0.03800000000000000000,111.678,0.62,0.03100000000000000000,,,,2026-06-09 11:40:18.022562+08,FMP_earnings_company,,,,,,,,,,,,,,,,,2021-07-30,f,,,,2026-06-09 11:40:00.107912+08,2026-06-09 11:40:00.107912+08
AMZN,2021,Q3,Q3 2021,Jul-Sep 2021,2021-09-30,2021-10-28,Q3 2021,,110.812,3.156,0.31,10300,3.156,0.31,20,0.01550000000000000000,206000,0.01550000000000000000,137.634,0.45,0.02250000000000000000,,,,2026-06-09 11:40:18.022562+08,FMP_earnings_company,,,,,,,,,,,,,,,,,2021-10-29,f,,,,2026-06-09 11:40:00.107912+08,2026-06-09 11:40:00.107912+08
AMZN,2021,Q4,Q4 2021,Oct-Dec 2021,2021-12-31,2022-02-03,Q4 2021,,137.412,14.323,1.39,10320,14.323,1.39,20,0.06950000000000000000,206400,0.06950000000000000000,137.68186459,0.19,0.00950000000000000000,,,,2026-06-09 11:40:18.022562+08,FMP_earnings_company,,,,,,,,,,,,,,,,,2022-02-04,f,,,,2026-06-09 11:40:00.107912+08,2026-06-09 11:40:00.107912+08
AMZN,2022,Q1,Q1 2022,Jan-Mar 2022,2022-03-31,2022-04-28,Q1 2022,,116.444,-3.844,-0.38,10180,-3.844,0.21,20,-0.01900000000000000000,203600,0.01050000000000000000,116.450273046,0.44,0.02200000000000000000,,,,2026-06-09 11:40:18.022562+08,FMP_earnings_company,,,,,,,,,,,,,,,,,2022-04-29,f,,,,2026-06-09 11:40:00.107912+08,2026-06-09 11:40:00.107912+08
AMZN,2022,Q2,Q2 2022,Apr-Jun 2022,2022-06-30,2022-07-28,Q2 2022,,121.234,-2.028,-0.2,10175,-2.028,0.1,1,-0.20000000000000000000,10175,0.10000000000000000000,118.999465993,0.15,0.15000000000000000000,,,,2026-06-09 11:40:18.023283+08,FMP_earnings_company,,,,,,,,,,,,,,,,,2022-07-29,f,,,,2026-06-09 11:40:00.107912+08,2026-06-09 11:40:00.107912+08
AMZN,2022,Q3,Q3 2022,Jul-Sep 2022,2022-09-30,2022-10-27,Q3 2022,,127.101,2.872,0.28,10331,2.872,0.2,1,0.28000000000000000000,10331,0.20000000000000000000,127.307504866,0.22,0.22000000000000000000,,,,2026-06-09 11:40:18.023283+08,FMP_earnings_company,,,,,,,,,,,,,,,,,2022-10-28,f,,,,2026-06-09 11:40:00.107912+08,2026-06-09 11:40:00.107912+08
AMZN,2022,Q4,Q4 2022,Oct-Dec 2022,2022-12-31,2023-02-02,Q4 2022,,149.204,0.278,0.03,10308,0.278,0.21,1,0.03000000000000000000,10308,0.21000000000000000000,145.712886275,0.15,0.15000000000000000000,,,,2026-06-09 11:40:18.023858+08,FMP_earnings_company,,,,,,,,,,,,,,,,,2023-02-03,f,,,,2026-06-09 11:40:00.107912+08,2026-06-09 11:40:00.107912+08
AMZN,2023,Q1,Q1 2023,Jan-Mar 2023,2023-03-31,2023-04-27,Q1 2023,,127.358,3.172,0.31,10347,3.172,0.31,1,0.31000000000000000000,10347,0.31000000000000000000,124.551,0.21,0.21000000000000000000,,,,2026-06-09 11:40:18.023858+08,FMP_earnings_company,,,,,,,,,,,,,,,,,2023-04-28,f,,,,2026-06-09 11:40:00.107912+08,2026-06-09 11:40:00.107912+08
AMZN,2023,Q2,Q2 2023,Apr-Jun 2023,2023-06-30,2023-08-03,Q2 2023,,134.383,6.75,0.65,10449,6.75,0.65,1,0.65000000000000000000,10449,0.65000000000000000000,119.573,0.35,0.35000000000000000000,,,,2026-06-09 11:40:18.023858+08,FMP_earnings_company,,,,,,,,,,,,,,,,,2023-08-04,f,,,,2026-06-09 11:40:00.107912+08,2026-06-09 11:40:00.107912+08
AMZN,2023,Q3,Q3 2023,Jul-Sep 2023,2023-09-30,2023-10-26,Q3 2023,,143.083,9.879,0.94,10558,9.879,0.94,1,0.94000000000000000000,10558,0.94000000000000000000,133.393,0.58,0.58000000000000000000,,,,2026-06-09 11:40:18.023858+08,FMP_earnings_company,,,,,,,,,,,,,,,,,2023-10-27,f,,,,2026-06-09 11:40:00.107912+08,2026-06-09 11:40:00.107912+08
AMZN,2023,Q4,Q4 2023,Oct-Dec 2023,2023-12-31,2024-02-01,Q4 2023,,169.961,10.624,1,10610,10.624,1,1,1.00000000000000000000,10610,1.00000000000000000000,166.172,0.8,0.80000000000000000000,,,,2026-06-09 11:40:18.023858+08,FMP_earnings_company,,,,,,,,,,,,,,,,,2024-02-02,f,,,,2026-06-09 11:40:00.107912+08,2026-06-09 11:40:00.107912+08
AMZN,2024,Q1,Q1 2024,Jan-Mar 2024,2024-03-31,2024-04-30,Q1 2024,,143.313,10.431,0.98,10670,10.431,0.98,1,0.98000000000000000000,10670,0.98000000000000000000,142.65416102,0.83,0.83000000000000000000,,,,2026-06-09 11:40:18.023858+08,FMP_earnings_company,,,,,,,,,,,,,,,,,2024-05-01,f,,,,2026-06-09 11:40:00.107912+08,2026-06-09 11:40:00.107912+08
AMZN,2024,Q2,Q2 2024,Apr-Jun 2024,2024-06-30,2024-08-01,Q2 2024,,147.977,13.485,1.26,10708,13.485,1.26,1,1.26000000000000000000,10708,1.26000000000000000000,148.665347243,1.03,1.03000000000000000000,,,,2026-06-09 11:40:18.024926+08,FMP_earnings_company,,,,,,,,,,,,,,,,,2024-08-02,f,,,,2026-06-09 11:40:00.107912+08,2026-06-09 11:40:00.107912+08
AMZN,2024,Q3,Q3 2024,Jul-Sep 2024,2024-09-30,2024-10-31,Q3 2024,,158.877,15.328,1.43,10735,15.328,1.43,1,1.43000000000000000000,10735,1.43000000000000000000,157.275157418,1.14,1.14000000000000000000,,,,2026-06-09 11:40:18.024926+08,FMP_earnings_company,,,,,,,,,,,,,,,,,2024-11-01,f,,,,2026-06-09 11:40:00.107912+08,2026-06-09 11:40:00.107912+08
AMZN,2024,Q4,Q4 2024,Oct-Dec 2024,2024-12-31,2025-02-06,Q4 2024,,187.792,20.004,1.86,10771,20.004,1.86,1,1.86000000000000000000,10771,1.86000000000000000000,187.337375136,1.49,1.49000000000000000000,,,,2026-06-09 11:40:18.024926+08,FMP_earnings_company,,,,,,,,,,,,,,,,,2025-02-07,f,,,,2026-06-09 11:40:00.107912+08,2026-06-09 11:40:00.107912+08
AMZN,2025,Q1,Q1 2025,Jan-Mar 2025,2025-03-31,2025-05-01,Q1 2025,,155.667,17.127,1.59,10793,17.127,1.59,1,1.59000000000000000000,10793,1.59000000000000000000,155.148014892,1.37,1.37000000000000000000,,,,2026-06-09 11:40:18.024926+08,FMP_earnings_company,,,,,,,,,,,,,,,,,2025-05-02,f,,,,2026-06-09 11:40:00.107912+08,2026-06-09 11:40:00.107912+08
AMZN,2025,Q2,Q2 2025,Apr-Jun 2025,2025-06-30,2025-07-31,Q2 2025,,167.702,18.164,1.68,10806,18.164,1.68,1,1.68000000000000000000,10806,1.68000000000000000000,161.77640497,1.31,1.31000000000000000000,,,,2026-06-09 11:40:18.024926+08,FMP_earnings_company,,,,,,,,,,,,,,,,,2025-08-01,f,,,,2026-06-09 11:40:00.107912+08,2026-06-09 11:40:00.107912+08
AMZN,2025,Q3,Q3 2025,Jul-Sep 2025,2025-09-30,2025-10-30,Q3 2025,,180.169,21.187,1.95,10845,21.187,1.95,1,1.95000000000000000000,10845,1.95000000000000000000,177.9132149,1.57,1.57000000000000000000,,,,2026-06-09 11:40:18.024926+08,FMP_earnings_company,,,,,,,,,,,,,,,,,2025-10-31,f,,,,2026-06-09 11:40:00.107912+08,2026-06-09 11:40:00.107912+08
AMZN,2025,Q4,Q4 2025,Oct-Dec 2025,2025-12-31,2026-02-05,Q4 2025,,213.386,21.192,1.95,10863,21.192,1.95,1,1.95000000000000000000,10863,1.95000000000000000000,211.4548,1.97,1.97000000000000000000,,,,2026-06-09 11:40:18.024926+08,FMP_earnings_company,,,,,,,,,,,,,,,,,2026-02-06,f,,,,2026-06-09 11:40:00.107912+08,2026-06-09 11:40:00.107912+08
AMZN,2026,Q1,Q1 2026,Jan-Mar 2026,2026-03-31,2026-04-29,Q1 2026,,181.519,30.255,2.78,10874,30.255,2.78,1,2.7800000000000000,10874,2.7800000000000000,177.2817,1.63,1.63000000000000000000,,,,2026-06-09 11:40:18.025875+08,FMP_earnings_company,,,,,,,,,,,,,,,,,2026-04-30,f,,,,2026-06-09 11:40:00.107912+08,2026-06-09 11:40:00.107912+08
GOOGL,2020,Q2,Q2 2020,Apr-Jun 2020,2020-06-30,2020-07-30,Q2 2020,,38.297,6.959,0.51,13740.474503,6.959,0.51,20,0.02550000000000000000,274809.490060,0.02550000000000000000,31.038338598,0.41,0.02050000000000000000,,,,2026-06-09 11:40:22.036547+08,FMP_earnings_company,,,,,,,,,,,,,,,,,2020-07-31,f,,,,2026-06-09 11:40:00.107912+08,2026-06-09 11:40:00.107912+08
GOOGL,2020,Q3,Q3 2020,Jul-Sep 2020,2020-09-30,2020-10-29,Q3 2020,,46.173,11.247,0.82,13717.014513,11.247,0.82,20,0.04100000000000000000,274340.290260,0.04100000000000000000,31.786168902,0.56,0.02800000000000000000,,,,2026-06-09 11:40:22.037636+08,FMP_earnings_company,,,,,,,,,,,,,,,,,2020-10-30,f,,,,2026-06-09 11:40:00.107912+08,2026-06-09 11:40:00.107912+08
GOOGL,2020,Q4,Q4 2020,Oct-Dec 2020,2020-12-31,2021-02-02,Q4 2020,,56.898,15.227,1.12,13659.373853,15.227,1.12,20,0.05600000000000000000,273187.477060,0.05600000000000000000,53.0749,0.8,0.04000000000000000000,,,,2026-06-09 11:40:22.037636+08,FMP_earnings_company,,,,,,,,,,,,,,,,,2021-02-03,f,,,,2026-06-09 11:40:00.107912+08,2026-06-09 11:40:00.107912+08
GOOGL,2021,Q1,Q1 2021,Jan-Mar 2021,2021-03-31,2021-04-27,Q1 2021,,55.314,17.93,1.31,13641.413861,17.93,1.31,20,0.06550000000000000000,272828.277220,0.06550000000000000000,46.297503317,0.79,0.03950000000000000000,,,,2026-06-09 11:40:22.037636+08,FMP_earnings_company,,,,,,,,,,,,,,,,,2021-04-28,f,,,,2026-06-09 11:40:00.107912+08,2026-06-09 11:40:00.107912+08
GOOGL,2021,Q2,Q2 2021,Apr-Jun 2021,2021-06-30,2021-07-27,Q2 2021,,61.88,18.525,1.36,13592.234,18.525,1.36,20,0.06800000000000000000,271844.680,0.06800000000000000000,63.237,0.97,0.04850000000000000000,,,,2026-06-09 11:40:22.037636+08,FMP_earnings_company,,,,,,,,,,,,,,,,,2021-07-28,f,,,,2026-06-09 11:40:00.107912+08,2026-06-09 11:40:00.107912+08
GOOGL,2021,Q3,Q3 2021,Jul-Sep 2021,2021-09-30,2021-10-26,Q3 2021,,65.118,18.936,1.4,13530.373911,18.936,1.4,20,0.07000000000000000000,270607.478220,0.07000000000000000000,63.2595,1.17,0.05850000000000000000,,,,2026-06-09 11:40:22.037636+08,FMP_earnings_company,,,,,,,,,,,,,,,,,2021-10-27,f,,,,2026-06-09 11:40:00.107912+08,2026-06-09 11:40:00.107912+08
GOOGL,2021,Q4,Q4 2021,Oct-Dec 2021,2021-12-31,2022-02-01,Q4 2021,,75.325,20.642,1.53,13449.853947,20.642,1.53,20,0.07650000000000000000,268997.078940,0.07650000000000000000,72.270996583,1.37,0.06850000000000000000,,,,2026-06-09 11:40:22.037636+08,FMP_earnings_company,,,,,,,,,,,,,,,,,2022-02-02,f,,,,2026-06-09 11:40:00.107912+08,2026-06-09 11:40:00.107912+08
GOOGL,2022,Q1,Q1 2022,Jan-Mar 2022,2022-03-31,2022-04-26,Q1 2022,,68.011,16.436,1.23,13351.013992,16.436,1.23,20,0.06150000000000000000,267020.279840,0.06150000000000000000,68.055248066,1.3,0.06500000000000000000,,,,2026-06-09 11:40:22.037636+08,FMP_earnings_company,,,,,,,,,,,,,,,,,2022-04-27,f,,,,2026-06-09 11:40:00.107912+08,2026-06-09 11:40:00.107912+08
GOOGL,2022,Q2,Q2 2022,Apr-Jun 2022,2022-06-30,2022-07-26,Q2 2022,,69.685,16.002,1.21,13238.994042,16.002,1.21,20,0.06050000000000000000,264779.880840,0.06050000000000000000,69.79884123,1.28,0.06400000000000000000,,,,2026-06-09 11:40:22.037636+08,FMP_earnings_company,,,,,,,,,,,,,,,,,2022-07-27,f,,,,2026-06-09 11:40:00.107912+08,2026-06-09 11:40:00.107912+08
GOOGL,2022,Q3,Q3 2022,Jul-Sep 2022,2022-09-30,2022-10-25,Q3 2022,,69.092,13.91,1.06,13097,13.91,1.06,1,1.06000000000000000000,13097,1.06000000000000000000,70.976575302,1.25,1.25000000000000000000,,,,2026-06-09 11:40:22.037636+08,FMP_earnings_company,,,,,,,,,,,,,,,,,2022-10-26,f,,,,2026-06-09 11:40:00.107912+08,2026-06-09 11:40:00.107912+08
GOOGL,2022,Q4,Q4 2022,Oct-Dec 2022,2022-12-31,2023-02-02,Q4 2022,,76.048,13.624,1.05,12947,13.624,1.05,1,1.05000000000000000000,12947,1.05000000000000000000,76.17859964,1.18,1.18000000000000000000,,,,2026-06-09 11:40:22.037636+08,FMP_earnings_company,,,,,,,,,,,,,,,,,2023-02-03,f,,,,2026-06-09 11:40:00.107912+08,2026-06-09 11:40:00.107912+08
GOOGL,2023,Q1,Q1 2023,Jan-Mar 2023,2023-03-31,2023-04-25,Q1 2023,,69.787,15.051,1.17,12823,15.051,1.17,1,1.17000000000000000000,12823,1.17000000000000000000,68.904,1.07,1.07000000000000000000,,,,2026-06-09 11:40:22.037636+08,FMP_earnings_company,,,,,,,,,,,,,,,,,2023-04-26,f,,,,2026-06-09 11:40:00.107912+08,2026-06-09 11:40:00.107912+08
GOOGL,2023,Q2,Q2 2023,Apr-Jun 2023,2023-06-30,2023-07-25,Q2 2023,,74.604,18.368,1.44,12764,18.368,1.44,1,1.44000000000000000000,12764,1.44000000000000000000,72.7989,1.34,1.34000000000000000000,,,,2026-06-09 11:40:22.037636+08,FMP_earnings_company,,,,,,,,,,,,,,,,,2023-07-26,f,,,,2026-06-09 11:40:00.107912+08,2026-06-09 11:40:00.107912+08
GOOGL,2023,Q3,Q3 2023,Jul-Sep 2023,2023-09-30,2023-10-24,Q3 2023,,76.693,19.689,1.55,12696,19.689,1.55,1,1.55000000000000000000,12696,1.55000000000000000000,75.9438,1.45,1.45000000000000000000,,,,2026-06-09 11:40:22.037636+08,FMP_earnings_company,,,,,,,,,,,,,,,,,2023-10-25,f,,,,2026-06-09 11:40:00.107912+08,2026-06-09 11:40:00.107912+08
GOOGL,2023,Q4,Q4 2023,Oct-Dec 2023,2023-12-31,2024-01-30,Q4 2023,,86.31,20.687,1.64,12602,20.687,1.64,1,1.64000000000000000000,12602,1.64000000000000000000,85.3058,1.59,1.59000000000000000000,,,,2026-06-09 11:40:22.037636+08,FMP_earnings_company,,,,,,,,,,,,,,,,,2024-01-31,f,,,,2026-06-09 11:40:00.107912+08,2026-06-09 11:40:00.107912+08
GOOGL,2024,Q1,Q1 2024,Jan-Mar 2024,2024-03-31,2024-04-25,Q1 2024,,80.539,23.662,1.89,12527,23.662,1.89,1,1.89000000000000000000,12527,1.89000000000000000000,78.6092,1.51,1.51000000000000000000,,,,2026-06-09 11:40:22.037636+08,FMP_earnings_company,,,,,,,,,,,,,,,,,2024-04-26,f,,,,2026-06-09 11:40:00.107912+08,2026-06-09 11:40:00.107912+08
GOOGL,2024,Q2,Q2 2024,Apr-Jun 2024,2024-06-30,2024-07-23,Q2 2024,,84.742,23.619,1.89,12495,23.619,1.89,1,1.89000000000000000000,12495,1.89000000000000000000,84.191,1.84,1.84000000000000000000,,,,2026-06-09 11:40:22.037636+08,FMP_earnings_company,,,,,,,,,,,,,,,,,2024-07-24,f,,,,2026-06-09 11:40:00.107912+08,2026-06-09 11:40:00.107912+08
GOOGL,2024,Q3,Q3 2024,Jul-Sep 2024,2024-09-30,2024-10-29,Q3 2024,,88.268,26.301,2.12,12419,26.301,2.12,1,2.1200000000000000,12419,2.1200000000000000,86.3029,1.85,1.85000000000000000000,,,,2026-06-09 11:40:22.037636+08,FMP_earnings_company,,,,,,,,,,,,,,,,,2024-10-30,f,,,,2026-06-09 11:40:00.107912+08,2026-06-09 11:40:00.107912+08
GOOGL,2024,Q4,Q4 2024,Oct-Dec 2024,2024-12-31,2025-02-04,Q4 2024,,96.469,26.536,2.15,12348,26.536,2.15,1,2.1500000000000000,12348,2.1500000000000000,96.66896954,2.12,2.1200000000000000,,,,2026-06-09 11:40:22.037636+08,FMP_earnings_company,,,,,,,,,,,,,,,,,2025-02-05,f,,,,2026-06-09 11:40:00.107912+08,2026-06-09 11:40:00.107912+08
GOOGL,2025,Q1,Q1 2025,Jan-Mar 2025,2025-03-31,2025-04-24,Q1 2025,,90.234,34.54,2.81,12291,34.54,2.81,1,2.8100000000000000,12291,2.8100000000000000,89.15205627,2.02,2.0200000000000000,,,,2026-06-09 11:40:22.037636+08,FMP_earnings_company,,,,,,,,,,,,,,,,,2025-04-25,f,,,,2026-06-09 11:40:00.107912+08,2026-06-09 11:40:00.107912+08
GOOGL,2025,Q2,Q2 2025,Apr-Jun 2025,2025-06-30,2025-07-23,Q2 2025,,96.428,28.196,2.31,12198,28.196,2.31,1,2.3100000000000000,12198,2.3100000000000000,99.82621537,2.15,2.1500000000000000,,,,2026-06-09 11:40:22.037636+08,FMP_earnings_company,,,,,,,,,,,,,,,,,2025-07-24,f,,,,2026-06-09 11:40:00.107912+08,2026-06-09 11:40:00.107912+08
GOOGL,2025,Q3,Q3 2025,Jul-Sep 2025,2025-09-30,2025-10-29,Q3 2025,,102.346,34.979,2.87,12203,34.979,2.87,1,2.8700000000000000,12203,2.8700000000000000,99.92740949,2.3,2.3000000000000000,,,,2026-06-09 11:40:22.037636+08,FMP_earnings_company,,,,,,,,,,,,,,,,,2025-10-30,f,,,,2026-06-09 11:40:00.107912+08,2026-06-09 11:40:00.107912+08
GOOGL,2025,Q4,Q4 2025,Oct-Dec 2025,2025-12-31,2026-02-04,Q4 2025,,113.896,34.455,2.82,12228,34.455,2.82,1,2.8200000000000000,12228,2.8200000000000000,111.3324,2.57,2.5700000000000000,,,,2026-06-09 11:40:22.037636+08,FMP_earnings_company,,,,,,,,,,,,,,,,,2026-02-05,f,,,,2026-06-09 11:40:00.107912+08,2026-06-09 11:40:00.107912+08
GOOGL,2026,Q1,Q1 2026,Jan-Mar 2026,2026-03-31,2026-04-29,Q1 2026,,109.896,62.578,5.11,12238,62.578,5.11,1,5.1100000000000000,12238,5.1100000000000000,106.9761,2.64,2.6400000000000000,,,,2026-06-09 11:40:22.037636+08,FMP_earnings_company,,,,,,,,,,,,,,,,,2026-04-30,f,,,,2026-06-09 11:40:00.107912+08,2026-06-09 11:40:00.107912+08
META,2020,Q2,Q2 2020,Apr-Jun 2020,2020-06-30,2020-07-30,Q2 2020,,18.687,5.178,1.8,2879,,1.8,1,1.80000000000000000000,2879,1.80000000000000000000,14.430516666,1.39,1.39000000000000000000,,,,2026-06-09 11:40:25.673885+08,FMP_earnings_company,,,,,,,,,,,,,,,,,2020-07-31,f,,,,2026-06-09 11:40:00.107912+08,2026-06-09 11:40:00.107912+08
META,2020,Q3,Q3 2020,Jul-Sep 2020,2020-09-30,2020-10-29,Q3 2020,,21.47,7.846,2.71,2895.203,,2.4,1,2.7100000000000000,2895.203,2.4000000000000000,15.131992619,1.91,1.91000000000000000000,,,,2026-06-09 11:40:25.673885+08,FMP_earnings_company,,,,,,,,,,,,,,,,,2020-10-30,f,,,,2026-06-09 11:40:00.107912+08,2026-06-09 11:40:00.107912+08
META,2020,Q4,Q4 2020,Oct-Dec 2020,2020-12-31,2021-01-27,Q4 2020,,28.072,11.219,3.88,2892.924,,3.88,1,3.8800000000000000,2892.924,3.8800000000000000,22.31731677,3.22,3.2200000000000000,,,,2026-06-09 11:40:25.674922+08,FMP_earnings_company,,,,,,,,,,,,,,,,,2021-01-28,f,,,,2026-06-09 11:40:00.107912+08,2026-06-09 11:40:00.107912+08
META,2021,Q1,Q1 2021,Jan-Mar 2021,2021-03-31,2021-04-28,Q1 2021,,26.171,9.497,3.3,2882,,3.3,1,3.3000000000000000,2882,3.3000000000000000,23.5168,2.37,2.3700000000000000,,,,2026-06-09 11:40:25.674922+08,FMP_earnings_company,,,,,,,,,,,,,,,,,2021-04-29,f,,,,2026-06-09 11:40:00.107912+08,2026-06-09 11:40:00.107912+08
META,2021,Q2,Q2 2021,Apr-Jun 2021,2021-06-30,2021-07-28,Q2 2021,,29.077,10.394,3.61,2879.224,,3.61,1,3.6100000000000000,2879.224,3.6100000000000000,29.4817,3.03,3.0300000000000000,,,,2026-06-09 11:40:25.674922+08,FMP_earnings_company,,,,,,,,,,,,,,,,,2021-07-29,f,,,,2026-06-09 11:40:00.107912+08,2026-06-09 11:40:00.107912+08
META,2021,Q3,Q3 2021,Jul-Sep 2021,2021-09-30,2021-10-25,Q3 2021,,29.01,9.194,3.22,2859,,3.22,1,3.2200000000000000,2859,3.2200000000000000,29.5456,3.19,3.1900000000000000,,,,2026-06-09 11:40:25.674922+08,FMP_earnings_company,,,,,,,,,,,,,,,,,2021-10-26,f,,,,2026-06-09 11:40:00.107912+08,2026-06-09 11:40:00.107912+08
META,2021,Q4,Q4 2021,Oct-Dec 2021,2021-12-31,2022-02-02,Q4 2021,,33.671,10.285,3.68,2799,,3.67,1,3.6800000000000000,2799,3.6700000000000000,33.370161276,3.84,3.8400000000000000,,,,2026-06-09 11:40:25.674922+08,FMP_earnings_company,,,,,,,,,,,,,,,,,2022-02-03,f,,,,2026-06-09 11:40:00.107912+08,2026-06-09 11:40:00.107912+08
META,2022,Q1,Q1 2022,Jan-Mar 2022,2022-03-31,2022-04-27,Q1 2022,,27.908,7.465,2.72,2742,,2.72,1,2.7200000000000000,2742,2.7200000000000000,28.278997754,2.56,2.5600000000000000,,,,2026-06-09 11:40:25.674922+08,FMP_earnings_company,,,,,,,,,,,,,,,,,2022-04-28,f,,,,2026-06-09 11:40:00.107912+08,2026-06-09 11:40:00.107912+08
META,2022,Q2,Q2 2022,Apr-Jun 2022,2022-06-30,2022-07-27,Q2 2022,,28.822,6.687,2.46,2713,,2.46,1,2.4600000000000000,2713,2.4600000000000000,28.908384447,2.59,2.5900000000000000,,,,2026-06-09 11:40:25.674922+08,FMP_earnings_company,,,,,,,,,,,,,,,,,2022-07-28,f,,,,2026-06-09 11:40:00.107912+08,2026-06-09 11:40:00.107912+08
META,2022,Q3,Q3 2022,Jul-Sep 2022,2022-09-30,2022-10-26,Q3 2022,,27.714,4.395,1.64,2687,,1.64,1,1.64000000000000000000,2687,1.64000000000000000000,27.439470981,1.89,1.89000000000000000000,,,,2026-06-09 11:40:25.674922+08,FMP_earnings_company,,,,,,,,,,,,,,,,,2022-10-27,f,,,,2026-06-09 11:40:00.107912+08,2026-06-09 11:40:00.107912+08
META,2022,Q4,Q4 2022,Oct-Dec 2022,2022-12-31,2023-02-01,Q4 2022,,32.165,4.653,1.76,2640,,1.76,1,1.76000000000000000000,2640,1.76000000000000000000,31.551048476,2.22,2.2200000000000000,,,,2026-06-09 11:40:25.674922+08,FMP_earnings_company,,,,,,,,,,,,,,,,,2023-02-02,f,,,,2026-06-09 11:40:00.107912+08,2026-06-09 11:40:00.107912+08
META,2023,Q1,Q1 2023,Jan-Mar 2023,2023-03-31,2023-04-26,Q1 2023,,28.645,5.709,2.2,2596,,2.2,1,2.2000000000000000,2596,2.2000000000000000,27.6546,2.03,2.0300000000000000,,,,2026-06-09 11:40:25.674922+08,FMP_earnings_company,,,,,,,,,,,,,,,,,2023-04-27,f,,,,2026-06-09 11:40:00.107912+08,2026-06-09 11:40:00.107912+08
META,2023,Q2,Q2 2023,Apr-Jun 2023,2023-06-30,2023-07-26,Q2 2023,,31.999,7.788,2.98,2612,,2.98,1,2.9800000000000000,2612,2.9800000000000000,27.9683,2.92,2.9200000000000000,,,,2026-06-09 11:40:25.674922+08,FMP_earnings_company,,,,,,,,,,,,,,,,,2023-07-27,f,,,,2026-06-09 11:40:00.107912+08,2026-06-09 11:40:00.107912+08
META,2023,Q3,Q3 2023,Jul-Sep 2023,2023-09-30,2023-10-25,Q3 2023,,34.146,11.583,4.39,2641,,4.39,1,4.3900000000000000,2641,4.3900000000000000,31.6472,3.63,3.6300000000000000,,,,2026-06-09 11:40:25.674922+08,FMP_earnings_company,,,,,,,,,,,,,,,,,2023-10-26,f,,,,2026-06-09 11:40:00.107912+08,2026-06-09 11:40:00.107912+08
META,2023,Q4,Q4 2023,Oct-Dec 2023,2023-12-31,2024-02-01,Q4 2023,,40.111,14.017,5.33,2630,,5.33,1,5.3300000000000000,2630,5.3300000000000000,39.1688,4.96,4.9600000000000000,,,,2026-06-09 11:40:25.674922+08,FMP_earnings_company,,,,,,,,,,,,,,,,,2024-02-02,f,,,,2026-06-09 11:40:00.107912+08,2026-06-09 11:40:00.107912+08
META,2024,Q1,Q1 2024,Jan-Mar 2024,2024-03-31,2024-04-24,Q1 2024,,36.455,12.369,4.71,2625,,4.71,1,4.7100000000000000,2625,4.7100000000000000,36.146676261,4.32,4.3200000000000000,,,,2026-06-09 11:40:25.674922+08,FMP_earnings_company,,,,,,,,,,,,,,,,,2024-04-25,f,,,,2026-06-09 11:40:00.107912+08,2026-06-09 11:40:00.107912+08
META,2024,Q2,Q2 2024,Apr-Jun 2024,2024-06-30,2024-07-31,Q2 2024,,39.071,13.465,5.16,2610,,5.16,1,5.1600000000000000,2610,5.1600000000000000,38.261443896,4.73,4.7300000000000000,,,,2026-06-09 11:40:25.674922+08,FMP_earnings_company,,,,,,,,,,,,,,,,,2024-08-01,f,,,,2026-06-09 11:40:00.107912+08,2026-06-09 11:40:00.107912+08
META,2024,Q3,Q3 2024,Jul-Sep 2024,2024-09-30,2024-10-30,Q3 2024,,40.589,15.688,6.03,2600,,6.03,1,6.0300000000000000,2600,6.0300000000000000,40.202943776,5.25,5.2500000000000000,,,,2026-06-09 11:40:25.674922+08,FMP_earnings_company,,,,,,,,,,,,,,,,,2024-10-31,f,,,,2026-06-09 11:40:00.107912+08,2026-06-09 11:40:00.107912+08
META,2024,Q4,Q4 2024,Oct-Dec 2024,2024-12-31,2025-01-29,Q4 2024,,48.385,20.838,8.02,2614,,8.02,1,8.0200000000000000,2614,8.0200000000000000,47.004057689,6.75,6.7500000000000000,,,,2026-06-09 11:40:25.674922+08,FMP_earnings_company,,,,,,,,,,,,,,,,,2025-01-30,f,,,,2026-06-09 11:40:00.107912+08,2026-06-09 11:40:00.107912+08
META,2025,Q1,Q1 2025,Jan-Mar 2025,2025-03-31,2025-04-30,Q1 2025,,42.314,16.644,6.43,2590,,6.43,1,6.4300000000000000,2590,6.4300000000000000,41.339201062,5.23,5.2300000000000000,,,,2026-06-09 11:40:25.674922+08,FMP_earnings_company,,,,,,,,,,,,,,,,,2025-05-01,f,,,,2026-06-09 11:40:00.107912+08,2026-06-09 11:40:00.107912+08
META,2025,Q2,Q2 2025,Apr-Jun 2025,2025-06-30,2025-07-30,Q2 2025,,47.516,18.337,7.14,2570,,7.14,1,7.1400000000000000,2570,7.1400000000000000,44.821438597,5.88,5.8800000000000000,,,,2026-06-09 11:40:25.674922+08,FMP_earnings_company,,,,,,,,,,,,,,,,,2025-07-31,f,,,,2026-06-09 11:40:00.107912+08,2026-06-09 11:40:00.107912+08
META,2025,Q3,Q3 2025,Jul-Sep 2025,2025-09-30,2025-10-29,Q3 2025,,51.242,2.709,1.05,2572,,7.25,1,1.05000000000000000000,2572,7.2500000000000000,49.508128269,6.72,6.7200000000000000,,,,2026-06-09 11:40:25.674922+08,FMP_earnings_company,,,,,,,,,,,,,,,,,2025-10-30,f,,,,2026-06-09 11:40:00.107912+08,2026-06-09 11:40:00.107912+08
META,2025,Q4,Q4 2025,Oct-Dec 2025,2025-12-31,2026-01-28,Q4 2025,,59.894,22.768,8.87,2574,,8.88,1,8.8700000000000000,2574,8.8800000000000000,58.3301,8.19,8.1900000000000000,,,,2026-06-09 11:40:25.674922+08,FMP_earnings_company,,,,,,,,,,,,,,,,,2026-01-29,f,,,,2026-06-09 11:40:00.107912+08,2026-06-09 11:40:00.107912+08
META,2026,Q1,Q1 2026,Jan-Mar 2026,2026-03-31,2026-04-29,Q1 2026,,56.311,26.773,10.44,2564,,7.31,1,10.4400000000000000,2564,7.3100000000000000,55.55659,6.7,6.7000000000000000,,,,2026-06-09 11:40:25.674922+08,FMP_earnings_company,,,,,,,,,,,,,,,,,2026-04-30,f,,,,2026-06-09 11:40:00.107912+08,2026-06-09 11:40:00.107912+08
MSFT,2020,Q4,Q4 FY2020,Apr-Jun 2020,2020-06-30,2020-07-22,Q2 2020,,38.033,11.202,1.46,7650,11.169,1.46,1,1.46000000000000000000,7650,1.46000000000000000000,34.907,1.34,1.34000000000000000000,,,,2026-06-09 11:40:10.357479+08,FMP_earnings_company,,,,,,,,,,,,,,,,,2020-07-30,f,,,,2026-06-09 11:40:00.107912+08,2026-06-09 11:40:00.107912+08
MSFT,2021,Q1,Q1 FY2021,Jul-Sep 2020,2020-09-30,2020-10-27,Q3 2020,,37.154,13.893,1.82,7637,13.89934,1.82,1,1.82000000000000000000,7637,1.82000000000000000000,31.438,1.54,1.54000000000000000000,,,,2026-06-09 11:40:10.357479+08,FMP_earnings_company,,,,,,,,,,,,,,,,,2020-10-27,f,,,,2026-06-09 11:40:00.107912+08,2026-06-09 11:40:00.107912+08
MSFT,2021,Q2,Q2 FY2021,Oct-Dec 2020,2020-12-31,2021-01-26,Q4 2020,,43.076,15.463,2.03,7616,15.46048,2.03,1,2.0300000000000000,7616,2.0300000000000000,40.1896,1.64,1.64000000000000000000,,,,2026-06-09 11:40:10.357479+08,FMP_earnings_company,,,,,,,,,,,,,,,,,2021-01-26,f,,,,2026-06-09 11:40:00.107912+08,2026-06-09 11:40:00.107912+08
MSFT,2021,Q3,Q3 FY2021,Jan-Mar 2021,2021-03-31,2021-04-27,Q1 2021,,41.706,15.457,2.03,7597,14.81415,1.95,1,2.0300000000000000,7597,1.95000000000000000000,41.0328,1.78,1.78000000000000000000,,,,2026-06-09 11:40:10.357479+08,FMP_earnings_company,,,,,,,,,,,,,,,,,2021-04-27,f,,,,2026-06-09 11:40:00.107912+08,2026-06-09 11:40:00.107912+08
MSFT,2021,Q4,Q4 FY2021,Apr-Jun 2021,2021-06-30,2021-07-27,Q2 2021,,46.152,16.458,2.17,7581,16.45077,2.17,1,2.1700000000000000,7581,2.1700000000000000,43.9627,1.92,1.92000000000000000000,,,,2026-06-09 11:40:10.357479+08,FMP_earnings_company,,,,,,,,,,,,,,,,,2021-07-29,f,,,,2026-06-09 11:40:00.107912+08,2026-06-09 11:40:00.107912+08
MSFT,2022,Q1,Q1 FY2022,Jul-Sep 2021,2021-09-30,2021-10-26,Q3 2021,,45.317,20.505,2.71,7567,17.17709,2.27,1,2.7100000000000000,7567,2.2700000000000000,44.0022,2.07,2.0700000000000000,,,,2026-06-09 11:40:10.35848+08,FMP_earnings_company,,,,,,,,,,,,,,,,,2021-10-26,f,,,,2026-06-09 11:40:00.107912+08,2026-06-09 11:40:00.107912+08
MSFT,2022,Q2,Q2 FY2022,Oct-Dec 2021,2021-12-31,2022-01-25,Q4 2021,,51.728,18.765,2.48,7555,18.7364,2.48,1,2.4800000000000000,7555,2.4800000000000000,50.738946323,2.31,2.3100000000000000,,,,2026-06-09 11:40:10.35848+08,FMP_earnings_company,,,,,,,,,,,,,,,,,2022-01-25,f,,,,2026-06-09 11:40:00.107912+08,2026-06-09 11:40:00.107912+08
MSFT,2022,Q3,Q3 FY2022,Jan-Mar 2022,2022-03-31,2022-04-26,Q1 2022,,49.36,16.728,2.22,7534,16.72548,2.22,1,2.2200000000000000,7534,2.2200000000000000,49.022594536,2.19,2.1900000000000000,,,,2026-06-09 11:40:10.35848+08,FMP_earnings_company,,,,,,,,,,,,,,,,,2022-04-26,f,,,,2026-06-09 11:40:00.107912+08,2026-06-09 11:40:00.107912+08
MSFT,2022,Q4,Q4 FY2022,Apr-Jun 2022,2022-06-30,2022-07-26,Q2 2022,,51.865,16.74,2.23,7506,16.73838,2.23,1,2.2300000000000000,7506,2.2300000000000000,52.384293387,2.29,2.2900000000000000,,,,2026-06-09 11:40:10.35848+08,FMP_earnings_company,,,,,,,,,,,,,,,,,2022-07-28,f,,,,2026-06-09 11:40:00.107912+08,2026-06-09 11:40:00.107912+08
MSFT,2023,Q1,Q1 FY2023,Jul-Sep 2022,2022-09-30,2022-10-25,Q3 2022,,50.122,17.556,2.35,7485,17.58975,2.35,1,2.3500000000000000,7485,2.3500000000000000,49.609203885,2.3,2.3000000000000000,,,,2026-06-09 11:40:10.35848+08,FMP_earnings_company,,,,,,,,,,,,,,,,,2022-10-25,f,,,,2026-06-09 11:40:00.107912+08,2026-06-09 11:40:00.107912+08
MSFT,2023,Q2,Q2 FY2023,Oct-Dec 2022,2022-12-31,2023-01-24,Q4 2022,,52.747,16.425,2.2,7473,17.33736,2.32,1,2.2000000000000000,7473,2.3200000000000000,52.986736747,2.29,2.2900000000000000,,,,2026-06-09 11:40:10.35848+08,FMP_earnings_company,,,,,,,,,,,,,,,,,2023-01-24,f,,,,2026-06-09 11:40:00.107912+08,2026-06-09 11:40:00.107912+08
MSFT,2023,Q3,Q3 FY2023,Jan-Mar 2023,2023-03-31,2023-04-25,Q1 2023,,52.857,18.299,2.45,7464,18.2868,2.45,1,2.4500000000000000,7464,2.4500000000000000,51.0176,2.23,2.2300000000000000,,,,2026-06-09 11:40:10.35848+08,FMP_earnings_company,,,,,,,,,,,,,,,,,2023-04-25,f,,,,2026-06-09 11:40:00.107912+08,2026-06-09 11:40:00.107912+08
MSFT,2023,Q4,Q4 FY2023,Apr-Jun 2023,2023-06-30,2023-07-25,Q2 2023,,56.189,20.081,2.69,7467,20.08623,2.69,1,2.6900000000000000,7467,2.6900000000000000,55.4702,2.55,2.5500000000000000,,,,2026-06-09 11:40:10.35848+08,FMP_earnings_company,,,,,,,,,,,,,,,,,2023-07-27,f,,,,2026-06-09 11:40:00.107912+08,2026-06-09 11:40:00.107912+08
MSFT,2024,Q1,Q1 FY2024,Jul-Sep 2023,2023-09-30,2023-10-24,Q3 2023,,56.517,22.291,2.99,7462,22.31138,2.99,1,2.9900000000000000,7462,2.9900000000000000,54.489,2.65,2.6500000000000000,,,,2026-06-09 11:40:10.359595+08,FMP_earnings_company,,,,,,,,,,,,,,,,,2023-10-24,f,,,,2026-06-09 11:40:00.107912+08,2026-06-09 11:40:00.107912+08
MSFT,2024,Q2,Q2 FY2024,Oct-Dec 2023,2023-12-31,2024-01-30,Q4 2023,,62.02,21.87,2.93,7468,21.88124,2.93,1,2.9300000000000000,7468,2.9300000000000000,56.2393,2.78,2.7800000000000000,,,,2026-06-09 11:40:10.359595+08,FMP_earnings_company,,,,,,,,,,,,,,,,,2024-01-30,f,,,,2026-06-09 11:40:00.107912+08,2026-06-09 11:40:00.107912+08
MSFT,2024,Q3,Q3 FY2024,Jan-Mar 2024,2024-03-31,2024-04-25,Q1 2024,,61.858,21.939,2.94,7472,21.96768,2.94,1,2.9400000000000000,7472,2.9400000000000000,60.861823613,2.82,2.8200000000000000,,,,2026-06-09 11:40:10.359595+08,FMP_earnings_company,,,,,,,,,,,,,,,,,2024-04-25,f,,,,2026-06-09 11:40:00.107912+08,2026-06-09 11:40:00.107912+08
MSFT,2024,Q4,Q4 FY2024,Apr-Jun 2024,2024-06-30,2024-07-30,Q2 2024,,64.727,22.036,2.95,7472,22.0424,2.95,1,2.9500000000000000,7472,2.9500000000000000,64.382224966,2.93,2.9300000000000000,,,,2026-06-09 11:40:10.359595+08,FMP_earnings_company,,,,,,,,,,,,,,,,,2024-07-30,f,,,,2026-06-09 11:40:00.107912+08,2026-06-09 11:40:00.107912+08
MSFT,2025,Q1,Q1 FY2025,Jul-Sep 2024,2024-09-30,2024-10-30,Q3 2024,,65.585,24.667,3.3,7470,24.651,3.3,1,3.3000000000000000,7470,3.3000000000000000,64.562402034,3.1,3.1000000000000000,,,,2026-06-09 11:40:10.359595+08,FMP_earnings_company,,,,,,,,,,,,,,,,,2024-10-30,f,,,,2026-06-09 11:40:00.107912+08,2026-06-09 11:40:00.107912+08
MSFT,2025,Q2,Q2 FY2025,Oct-Dec 2024,2024-12-31,2025-01-29,Q4 2024,,69.632,24.108,3.23,7468,24.12164,3.23,1,3.2300000000000000,7468,3.2300000000000000,68.865707131,3.15,3.1500000000000000,,,,2026-06-09 11:40:10.36048+08,FMP_earnings_company,,,,,,,,,,,,,,,,,2025-01-29,f,,,,2026-06-09 11:40:00.107912+08,2026-06-09 11:40:00.107912+08
MSFT,2025,Q3,Q3 FY2025,Jan-Mar 2025,2025-03-31,2025-04-30,Q1 2025,,70.066,25.824,3.46,7461,25.81506,3.46,1,3.4600000000000000,7461,3.4600000000000000,68.439856878,3.22,3.2200000000000000,,,,2026-06-09 11:40:10.36048+08,FMP_earnings_company,,,,,,,,,,,,,,,,,2025-04-30,f,,,,2026-06-09 11:40:00.107912+08,2026-06-09 11:40:00.107912+08
MSFT,2025,Q4,Q4 FY2025,Apr-Jun 2025,2025-06-30,2025-07-30,Q2 2025,,76.441,27.233,3.65,7461,27.23265,3.65,1,3.6500000000000000,7461,3.6500000000000000,73.926767276,3.37,3.3700000000000000,,,,2026-06-09 11:40:10.36048+08,FMP_earnings_company,,,,,,,,,,,,,,,,,2025-07-30,f,,,,2026-06-09 11:40:00.107912+08,2026-06-09 11:40:00.107912+08
MSFT,2026,Q1,Q1 FY2026,Jul-Sep 2025,2025-09-30,2025-10-29,Q3 2025,,77.673,27.747,3.72,7466,30.83458,4.13,1,3.7200000000000000,7466,4.1300000000000000,75.494678452,3.67,3.6700000000000000,,,,2026-06-09 11:40:10.36048+08,FMP_earnings_company,,,,,,,,,,,,,,,,,2025-10-29,f,,,,2026-06-09 11:40:00.107912+08,2026-06-09 11:40:00.107912+08
MSFT,2026,Q2,Q2 FY2026,Oct-Dec 2025,2025-12-31,2026-01-28,Q4 2025,,81.273,38.458,5.16,7460,30.8844,4.14,1,5.1600000000000000,7460,4.1400000000000000,80.3087,3.9,3.9000000000000000,,,,2026-06-09 11:40:10.36048+08,FMP_earnings_company,,,,,,,,,,,,,,,,,2026-01-28,f,,,,2026-06-09 11:40:00.107912+08,2026-06-09 11:40:00.107912+08
MSFT,2026,Q3,Q3 FY2026,Jan-Mar 2026,2026-03-31,2026-04-29,Q1 2026,,82.886,31.778,4.27,7445,31.79015,4.27,1,4.2700000000000000,7445,4.2700000000000000,81.44437,4.06,4.0600000000000000,,,,2026-06-09 11:40:10.36048+08,FMP_earnings_company,,,,,,,,,,,,,,,,,2026-04-29,f,,,,2026-06-09 11:40:00.107912+08,2026-06-09 11:40:00.107912+08
NVDA,2021,Q2,Q2 FY2021,May-Jul 2020,2020-07-26,2020-08-19,Q2 2020,,3.866,0.622,0.025,25040,1.252,0.05,40,0.00062500000000000000,1001600,0.00125000000000000000,3.493587155,0.05,0.00125000000000000000,,,,2026-06-09 11:40:14.100635+08,FMP_earnings_company,,,,,,,,,,,,,,,,,2020-08-19,f,,,,2026-06-09 11:40:00.107912+08,2026-06-09 11:40:00.107912+08
NVDA,2021,Q3,Q3 FY2021,Aug-Oct 2020,2020-10-25,2020-11-18,Q3 2020,,4.726,1.336,0.053,25200,1.764,0.07,40,0.00132500000000000000,1008000,0.00175000000000000000,4.100770428,0.06,0.00150000000000000000,,,,2026-06-09 11:40:14.100635+08,FMP_earnings_company,,,,,,,,,,,,,,,,,2020-11-18,f,,,,2026-06-09 11:40:00.107912+08,2026-06-09 11:40:00.107912+08
NVDA,2021,Q4,Q4 FY2021,Nov-Jan 2021,2021-01-31,2021-02-24,Q4 2020,,5.003,1.457,0.058,25240,2.0192,0.08,40,0.00145000000000000000,1009600,0.00200000000000000000,4.81435,0.07,0.00175000000000000000,,,,2026-06-09 11:40:14.100635+08,FMP_earnings_company,,,,,,,,,,,,,,,,,2021-02-26,f,,,,2026-06-09 11:40:00.107912+08,2026-06-09 11:40:00.107912+08
NVDA,2022,Q1,Q1 FY2022,Mar-May 2021,2021-05-02,2021-05-26,Q2 2021,,5.661,1.912,0.076,25280,2.2752,0.09,40,0.00190000000000000000,1011200,0.00225000000000000000,5.31843,0.08,0.00200000000000000000,,,,2026-06-09 11:40:14.101613+08,FMP_earnings_company,,,,,,,,,,,,,,,,,2021-05-26,f,,,,2026-06-09 11:40:00.107912+08,2026-06-09 11:40:00.107912+08
NVDA,2022,Q2,Q2 FY2022,Jun-Aug 2021,2021-08-01,2021-08-18,Q3 2021,,6.507,2.374,0.094,25320,2.532,0.1,10,0.00940000000000000000,253200,0.01000000000000000000,6.8167,0.1,0.01000000000000000000,,,,2026-06-09 11:40:14.101613+08,FMP_earnings_company,,,,,,,,,,,,,,,,,2021-08-20,f,,,,2026-06-09 11:40:00.107912+08,2026-06-09 11:40:00.107912+08
NVDA,2022,Q3,Q3 FY2022,Aug-Oct 2021,2021-10-31,2021-11-17,Q3 2021,,7.103,2.464,0.097,25380,3.0456,0.12,10,0.00970000000000000000,253800,0.01200000000000000000,7.41339,0.11,0.01100000000000000000,,,,2026-06-09 11:40:14.101613+08,FMP_earnings_company,,,,,,,,,,,,,,,,,2021-11-22,f,,,,2026-06-09 11:40:00.107912+08,2026-06-09 11:40:00.107912+08
NVDA,2022,Q4,Q4 FY2022,Nov-Jan 2022,2022-01-30,2022-02-16,Q4 2021,,7.643,3.003,0.12,25450,3.3085,0.13,10,0.01200000000000000000,254500,0.01300000000000000000,7.41339,0.12,0.01200000000000000000,,,,2026-06-09 11:40:14.10261+08,FMP_earnings_company,,,,,,,,,,,,,,,,,2022-03-18,f,,,,2026-06-09 11:40:00.107912+08,2026-06-09 11:40:00.107912+08
NVDA,2023,Q1,Q1 FY2023,Mar-May 2022,2022-05-01,2022-05-25,Q2 2022,,8.288,1.618,0.064,25370,3.5518,0.14,10,0.00640000000000000000,253700,0.01400000000000000000,8.123361361,0.13,0.01300000000000000000,,,,2026-06-09 11:40:14.10261+08,FMP_earnings_company,,,,,,,,,,,,,,,,,2022-05-27,f,,,,2026-06-09 11:40:00.107912+08,2026-06-09 11:40:00.107912+08
NVDA,2023,Q2,Q2 FY2023,May-Jul 2022,2022-07-31,2022-08-24,Q2 2022,,6.704,0.656,0.026,25160,1.258,0.05,10,0.00260000000000000000,251600,0.00500000000000000000,6.69948657,0.06,0.00600000000000000000,,,,2026-06-09 11:40:14.10261+08,FMP_earnings_company,,,,,,,,,,,,,,,,,2022-08-31,f,,,,2026-06-09 11:40:00.107912+08,2026-06-09 11:40:00.107912+08
NVDA,2023,Q3,Q3 FY2023,Aug-Oct 2022,2022-10-30,2022-11-16,Q3 2022,,5.931,0.68,0.027,24990,1.4994,0.06,10,0.00270000000000000000,249900,0.00600000000000000000,5.780771964,0.07,0.00700000000000000000,,,,2026-06-09 11:40:14.10261+08,FMP_earnings_company,,,,,,,,,,,,,,,,,2022-11-18,f,,,,2026-06-09 11:40:00.107912+08,2026-06-09 11:40:00.107912+08
NVDA,2023,Q4,Q4 FY2023,Nov-Jan 2023,2023-01-29,2023-02-22,Q4 2022,,6.051,1.414,0.0571,24770,2.2293,0.09,10,0.00571000000000000000,247700,0.00900000000000000000,6.00816,0.08,0.00800000000000000000,,,,2026-06-09 11:40:14.10261+08,FMP_earnings_company,,,,,,,,,,,,,,,,,2023-02-24,f,,,,2026-06-09 11:40:00.107912+08,2026-06-09 11:40:00.107912+08
NVDA,2024,Q1,Q1 FY2024,Feb-Apr 2023,2023-04-30,2023-05-24,Q1 2023,,7.192,2.043,0.082,24900,2.739,0.11,10,0.00820000000000000000,249000,0.01100000000000000000,6.51683,0.09,0.00900000000000000000,,,,2026-06-09 11:40:14.10261+08,FMP_earnings_company,,,,,,,,,,,,,,,,,2023-05-26,f,,,,2026-06-09 11:40:00.107912+08,2026-06-09 11:40:00.107912+08
NVDA,2024,Q2,Q2 FY2024,May-Jul 2023,2023-07-30,2023-08-23,Q2 2023,,13.507,6.188,0.25,24990,6.7473,0.27,10,0.02500000000000000000,249900,0.02700000000000000000,11.224,0.21,0.02100000000000000000,,,,2026-06-09 11:40:14.103805+08,FMP_earnings_company,,,,,,,,,,,,,,,,,2023-08-28,f,,,,2026-06-09 11:40:00.107912+08,2026-06-09 11:40:00.107912+08
NVDA,2024,Q3,Q3 FY2024,Aug-Oct 2023,2023-10-29,2023-11-21,Q3 2023,,18.12,9.243,0.37,24940,9.976,0.4,10,0.03700000000000000000,249400,0.04000000000000000000,16.294147339,0.34,0.03400000000000000000,,,,2026-06-09 11:40:14.103805+08,FMP_earnings_company,,,,,,,,,,,,,,,,,2023-11-21,f,,,,2026-06-09 11:40:00.107912+08,2026-06-09 11:40:00.107912+08
NVDA,2024,Q4,Q4 FY2024,Nov-Jan 2024,2024-01-28,2024-02-21,Q4 2023,,22.103,12.285,0.49,24900,12.948,0.52,10,0.04900000000000000000,249000,0.05200000000000000000,20.2388,0.46,0.04600000000000000000,,,,2026-06-09 11:40:14.103805+08,FMP_earnings_company,,,,,,,,,,,,,,,,,2024-02-21,f,,,,2026-06-09 11:40:00.107912+08,2026-06-09 11:40:00.107912+08
NVDA,2025,Q1,Q1 FY2025,Feb-Apr 2024,2024-04-28,2024-05-22,Q1 2024,,26.044,14.881,0.6,24890,15.1829,0.61,10,0.06000000000000000000,248900,0.06100000000000000000,24.592795107,0.56,0.05600000000000000000,,,,2026-06-09 11:40:14.103805+08,FMP_earnings_company,,,,,,,,,,,,,,,,,2024-05-29,f,,,,2026-06-09 11:40:00.107912+08,2026-06-09 11:40:00.107912+08
NVDA,2025,Q2,Q2 FY2025,May-Jul 2024,2024-07-28,2024-08-28,Q2 2024,,30.04,16.599,0.67,24848,16.89664,0.68,1,0.67000000000000000000,24848,0.68000000000000000000,28.779505589,0.645,0.64500000000000000000,,,,2026-06-09 11:40:14.103805+08,FMP_earnings_company,,,,,,,,,,,,,,,,,2024-08-28,f,,,,2026-06-09 11:40:00.107912+08,2026-06-09 11:40:00.107912+08
NVDA,2025,Q3,Q3 FY2025,Aug-Oct 2024,2024-10-27,2024-11-20,Q3 2024,,35.082,19.309,0.78,24774,20.06694,0.81,1,0.78000000000000000000,24774,0.81000000000000000000,33.171592429,0.75,0.75000000000000000000,,,,2026-06-09 11:40:14.103805+08,FMP_earnings_company,,,,,,,,,,,,,,,,,2024-11-20,f,,,,2026-06-09 11:40:00.107912+08,2026-06-09 11:40:00.107912+08
NVDA,2025,Q4,Q4 FY2025,Nov-Jan 2025,2025-01-26,2025-02-26,Q4 2024,,39.331,22.091,0.89,24706,21.98834,0.89,1,0.89000000000000000000,24706,0.89000000000000000000,38.101348563,0.848,0.84800000000000000000,,,,2026-06-09 11:40:14.104665+08,FMP_earnings_company,,,,,,,,,,,,,,,,,2025-02-26,f,,,,2026-06-09 11:40:00.107912+08,2026-06-09 11:40:00.107912+08
NVDA,2026,Q1,Q1 FY2026,Feb-Apr 2025,2025-04-27,2025-05-28,Q1 2025,,44.062,18.775,0.76,24611,19.93491,0.81,1,0.76000000000000000000,24611,0.81000000000000000000,43.334160366,0.737,0.73700000000000000000,,,,2026-06-09 11:40:14.104665+08,FMP_earnings_company,,,,,,,,,,,,,,,,,2025-05-28,f,,,,2026-06-09 11:40:00.107912+08,2026-06-09 11:40:00.107912+08
NVDA,2026,Q2,Q2 FY2026,May-Jul 2025,2025-07-27,2025-08-27,Q2 2025,,46.743,26.422,1.08,24532,25.7586,1.05,1,1.08000000000000000000,24532,1.05000000000000000000,46.048920689,1.01,1.01000000000000000000,,,,2026-06-09 11:40:14.104665+08,FMP_earnings_company,,,,,,,,,,,,,,,,,2025-08-27,f,,,,2026-06-09 11:40:00.107912+08,2026-06-09 11:40:00.107912+08
NVDA,2026,Q3,Q3 FY2026,Aug-Oct 2025,2025-10-26,2025-11-19,Q3 2025,,57.006,31.91,1.3,24483,31.8279,1.3,1,1.30000000000000000000,24483,1.30000000000000000000,54.961119678,1.26,1.26000000000000000000,,,,2026-06-09 11:40:14.104665+08,FMP_earnings_company,,,,,,,,,,,,,,,,,2025-11-19,f,,,,2026-06-09 11:40:00.107912+08,2026-06-09 11:40:00.107912+08
NVDA,2026,Q4,Q4 FY2026,Nov-Jan 2026,2026-01-25,2026-02-25,Q4 2025,,68.127,42.96,1.76,24432,39.57984,1.62,1,1.76000000000000000000,24432,1.62000000000000000000,66.12647,1.54,1.54000000000000000000,,,,2026-06-09 11:40:14.104665+08,FMP_earnings_company,,,,,,,,,,,,,,,,,2026-02-25,f,,,,2026-06-09 11:40:00.107912+08,2026-06-09 11:40:00.107912+08
NVDA,2027,Q1,Q1 FY2027,Feb-Apr 2026,2026-04-26,2026-05-20,Q1 2026,,81.615,58.321,2.39,24391,45.61117,1.87,1,2.3900000000000000,24391,1.87000000000000000000,78.42337,1.76,1.76000000000000000000,,,,2026-06-09 11:40:14.104665+08,FMP_earnings_company,,,,,,,,,,,,,,,,,2026-05-20,f,,,,2026-06-09 11:40:00.107912+08,2026-06-09 11:40:00.107912+08
TSLA,2020,Q2,Q2 2020,Apr-Jun 2020,2020-06-30,2020-07-22,Q2 2020,,6.036,0.104,0.0335,3108,0.4662,0.15,15,0.00223333333333333333,46620,0.01000000000000000000,0.411545454,0.01084,0.00072266666666666667,,,,2026-06-09 11:40:29.301178+08,FMP_earnings_company,,,,,,,,,,,,,,,,,2020-07-28,f,,,,2026-06-09 11:40:00.107912+08,2026-06-09 11:40:00.107912+08
TSLA,2020,Q3,Q3 2020,Jul-Sep 2020,2020-09-30,2020-10-21,Q3 2020,,8.771,0.3,0.0905,3315,0.82875,0.25,3,0.03016666666666666667,9945,0.08333333333333333333,6.809065789,0.18,0.06000000000000000000,,,,2026-06-09 11:40:29.301178+08,FMP_earnings_company,,,,,,,,,,,,,,,,,2020-10-26,f,,,,2026-06-09 11:40:00.107912+08,2026-06-09 11:40:00.107912+08
TSLA,2020,Q4,Q4 2020,Oct-Dec 2020,2020-12-31,2021-01-27,Q4 2020,,10.744,0.239,0.0709,3372,0.91044,0.27,3,0.02363333333333333333,10116,0.09000000000000000000,10.1968,0.3,0.10000000000000000000,,,,2026-06-09 11:40:29.301178+08,FMP_earnings_company,,,,,,,,,,,,,,,,,2021-02-08,f,,,,2026-06-09 11:40:00.107912+08,2026-06-09 11:40:00.107912+08
TSLA,2021,Q1,Q1 2021,Jan-Mar 2021,2021-03-31,2021-04-26,Q1 2021,,10.389,0.438,0.13,3399,1.05369,0.31,3,0.04333333333333333333,10197,0.10333333333333333333,9.97633,0.26,0.08666666666666666667,,,,2026-06-09 11:40:29.301178+08,FMP_earnings_company,,,,,,,,,,,,,,,,,2021-04-28,f,,,,2026-06-09 11:40:00.107912+08,2026-06-09 11:40:00.107912+08
TSLA,2021,Q2,Q2 2021,Apr-Jun 2021,2021-06-30,2021-07-26,Q2 2021,,11.958,1.142,0.34,3357,1.61136,0.48,3,0.11333333333333333333,10071,0.16000000000000000000,8.644038631,0.33,0.11000000000000000000,,,,2026-06-09 11:40:29.301178+08,FMP_earnings_company,,,,,,,,,,,,,,,,,2021-07-27,f,,,,2026-06-09 11:40:00.107912+08,2026-06-09 11:40:00.107912+08
TSLA,2021,Q3,Q3 2021,Jul-Sep 2021,2021-09-30,2021-10-20,Q3 2021,,13.757,1.618,0.48,3369,2.08878,0.62,3,0.16000000000000000000,10107,0.20666666666666666667,13.1486,0.53,0.17666666666666666667,,,,2026-06-09 11:40:29.301178+08,FMP_earnings_company,,,,,,,,,,,,,,,,,2021-10-25,f,,,,2026-06-09 11:40:00.107912+08,2026-06-09 11:40:00.107912+08
TSLA,2021,Q4,Q4 2021,Oct-Dec 2021,2021-12-31,2022-01-26,Q4 2021,,17.719,2.321,0.54,4305,3.65925,0.85,3,0.18000000000000000000,12915,0.28333333333333333333,15.7476,0.79,0.26333333333333333333,,,,2026-06-09 11:40:29.301178+08,FMP_earnings_company,,,,,,,,,,,,,,,,,2022-02-07,f,,,,2026-06-09 11:40:00.107912+08,2026-06-09 11:40:00.107912+08
TSLA,2022,Q1,Q1 2022,Jan-Mar 2022,2022-03-31,2022-04-20,Q1 2022,,18.756,3.318,0.95,3472,3.71504,1.07,3,0.31666666666666666667,10416,0.35666666666666666667,17.868578587,0.75,0.25000000000000000000,,,,2026-06-09 11:40:29.301178+08,FMP_earnings_company,,,,,,,,,,,,,,,,,2022-04-25,f,,,,2026-06-09 11:40:00.107912+08,2026-06-09 11:40:00.107912+08
TSLA,2022,Q2,Q2 2022,Apr-Jun 2022,2022-06-30,2022-07-20,Q2 2022,,16.934,2.259,0.65,3464,2.63264,0.76,3,0.21666666666666666667,10392,0.25333333333333333333,16.539370385,0.6,0.20000000000000000000,,,,2026-06-09 11:40:29.301178+08,FMP_earnings_company,,,,,,,,,,,,,,,,,2022-07-25,f,,,,2026-06-09 11:40:00.107912+08,2026-06-09 11:40:00.107912+08
TSLA,2022,Q3,Q3 2022,Jul-Sep 2022,2022-09-30,2022-10-19,Q3 2022,,21.454,3.292,0.95,3468,3.6414,1.05,1,0.95000000000000000000,3468,1.05000000000000000000,21.982042234,0.99,0.99000000000000000000,,,,2026-06-09 11:40:29.301178+08,FMP_earnings_company,,,,,,,,,,,,,,,,,2022-10-24,f,,,,2026-06-09 11:40:00.107912+08,2026-06-09 11:40:00.107912+08
TSLA,2022,Q4,Q4 2022,Oct-Dec 2022,2022-12-31,2023-01-25,Q4 2022,,24.318,3.714,1.07,3475,4.13525,1.19,1,1.07000000000000000000,3475,1.19000000000000000000,24.669077753,1.13,1.13000000000000000000,,,,2026-06-09 11:40:29.302178+08,FMP_earnings_company,,,,,,,,,,,,,,,,,2023-01-31,f,,,,2026-06-09 11:40:00.107912+08,2026-06-09 11:40:00.107912+08
TSLA,2023,Q1,Q1 2023,Jan-Mar 2023,2023-03-31,2023-04-19,Q1 2023,,23.329,2.513,0.73,3468,2.9478,0.85,1,0.73000000000000000000,3468,0.85000000000000000000,23.2903,0.85,0.85000000000000000000,,,,2026-06-09 11:40:29.302178+08,FMP_earnings_company,,,,,,,,,,,,,,,,,2023-04-24,f,,,,2026-06-09 11:40:00.107912+08,2026-06-09 11:40:00.107912+08
TSLA,2023,Q2,Q2 2023,Apr-Jun 2023,2023-06-30,2023-07-19,Q2 2023,,24.927,2.703,0.78,3478,3.16498,0.91,1,0.78000000000000000000,3478,0.91000000000000000000,24.4771,0.82,0.82000000000000000000,,,,2026-06-09 11:40:29.302178+08,FMP_earnings_company,,,,,,,,,,,,,,,,,2023-07-24,f,,,,2026-06-09 11:40:00.107912+08,2026-06-09 11:40:00.107912+08
TSLA,2023,Q3,Q3 2023,Jul-Sep 2023,2023-09-30,2023-10-18,Q3 2023,,23.35,1.853,0.53,3493,2.30538,0.66,1,0.53000000000000000000,3493,0.66000000000000000000,24.0961,0.72,0.72000000000000000000,,,,2026-06-09 11:40:29.302178+08,FMP_earnings_company,,,,,,,,,,,,,,,,,2023-10-23,f,,,,2026-06-09 11:40:00.107912+08,2026-06-09 11:40:00.107912+08
TSLA,2023,Q4,Q4 2023,Oct-Dec 2023,2023-12-31,2024-01-24,Q4 2023,,25.167,7.93,2.27,3492,2.47932,0.71,1,2.2700000000000000,3492,0.71000000000000000000,25.5475,0.75,0.75000000000000000000,,,,2026-06-09 11:40:29.302178+08,FMP_earnings_company,,,,,,,,,,,,,,,,,2024-01-29,f,,,,2026-06-09 11:40:00.107912+08,2026-06-09 11:40:00.107912+08
TSLA,2024,Q1,Q1 2024,Jan-Mar 2024,2024-03-31,2024-04-23,Q1 2024,,21.301,1.39,0.41,3484,1.5678,0.45,1,0.41000000000000000000,3484,0.45000000000000000000,22.220029354,0.51,0.51000000000000000000,,,,2026-06-09 11:40:29.302178+08,FMP_earnings_company,,,,,,,,,,,,,,,,,2024-04-24,f,,,,2026-06-09 11:40:00.107912+08,2026-06-09 11:40:00.107912+08
TSLA,2024,Q2,Q2 2024,Apr-Jun 2024,2024-06-30,2024-07-23,Q2 2024,,25.5,1.4,0.4,3481,1.81012,0.52,1,0.40000000000000000000,3481,0.52000000000000000000,24.539747788,0.62,0.62000000000000000000,,,,2026-06-09 11:40:29.302178+08,FMP_earnings_company,,,,,,,,,,,,,,,,,2024-07-24,f,,,,2026-06-09 11:40:00.107912+08,2026-06-09 11:40:00.107912+08
TSLA,2024,Q3,Q3 2024,Jul-Sep 2024,2024-09-30,2024-10-23,Q3 2024,,25.182,2.167,0.62,3497,2.51784,0.72,1,0.62000000000000000000,3497,0.72000000000000000000,25.468371161,0.58,0.58000000000000000000,,,,2026-06-09 11:40:29.302178+08,FMP_earnings_company,,,,,,,,,,,,,,,,,2024-10-24,f,,,,2026-06-09 11:40:00.107912+08,2026-06-09 11:40:00.107912+08
TSLA,2024,Q4,Q4 2024,Oct-Dec 2024,2024-12-31,2025-01-29,Q4 2024,,25.707,2.314,0.658,3517,2.56741,0.73,1,0.65800000000000000000,3517,0.73000000000000000000,27.25892457,0.774,0.77400000000000000000,,,,2026-06-09 11:40:29.302178+08,FMP_earnings_company,,,,,,,,,,,,,,,,,2025-01-30,f,,,,2026-06-09 11:40:00.107912+08,2026-06-09 11:40:00.107912+08
TSLA,2025,Q1,Q1 2025,Jan-Mar 2025,2025-03-31,2025-04-22,Q1 2025,,19.335,0.409,0.1162,3521,0.95067,0.27,1,0.11620000000000000000,3521,0.27000000000000000000,21.269497845,0.4136,0.41360000000000000000,,,,2026-06-09 11:40:29.302178+08,FMP_earnings_company,,,,,,,,,,,,,,,,,2025-04-23,f,,,,2026-06-09 11:40:00.107912+08,2026-06-09 11:40:00.107912+08
TSLA,2025,Q2,Q2 2025,Apr-Jun 2025,2025-06-30,2025-07-23,Q2 2025,,22.496,1.172,0.333,3519,1.4076,0.4,1,0.33300000000000000000,3519,0.40000000000000000000,22.279678348,0.3972,0.39720000000000000000,,,,2026-06-09 11:40:29.302178+08,FMP_earnings_company,,,,,,,,,,,,,,,,,2025-07-24,f,,,,2026-06-09 11:40:00.107912+08,2026-06-09 11:40:00.107912+08
TSLA,2025,Q3,Q3 2025,Jul-Sep 2025,2025-09-30,2025-10-22,Q3 2025,,28.095,1.373,0.39,3526,1.763,0.5,1,0.39000000000000000000,3526,0.50000000000000000000,26.540367719,0.558,0.55800000000000000000,,,,2026-06-09 11:40:29.302178+08,FMP_earnings_company,,,,,,,,,,,,,,,,,2025-10-23,f,,,,2026-06-09 11:40:00.107912+08,2026-06-09 11:40:00.107912+08
TSLA,2025,Q4,Q4 2025,Oct-Dec 2025,2025-12-31,2026-01-28,Q4 2025,,24.901,0.84,0.24,3539,1.7695,0.5,1,0.24000000000000000000,3539,0.50000000000000000000,24.77644,0.4548,0.45480000000000000000,,,,2026-06-09 11:40:29.302178+08,FMP_earnings_company,,,,,,,,,,,,,,,,,2026-01-29,f,,,,2026-06-09 11:40:00.107912+08,2026-06-09 11:40:00.107912+08
TSLA,2026,Q1,Q1 2026,Jan-Mar 2026,2026-03-31,2026-04-22,Q1 2026,,22.387,0.491,0.13,3538,1.45058,0.41,1,0.13000000000000000000,3538,0.41000000000000000000,22.10078,0.3539,0.35390000000000000000,,,,2026-06-09 11:40:29.302178+08,FMP_earnings_company,,,,,,,,,,,,,,,,,2026-04-23,f,,,,2026-06-09 11:40:00.107912+08,2026-06-09 11:40:00.107912+08
